<Anims>
 <anim name="anim" root="BUILD_PLAYER" numframes="100" framerate="40">
  <frame idx="0" w="282" h="974" x="-15.574409" y="-464.536926">
   <element name="ghost_eyes" layername="timeline_0" frame="0" z_index="3" m_a="1.327794" m_b="-0.040909" m_c="0.040909" m_d="1.327794" m_tx="11.035714" m_ty="-413.177582"/>
   <element name="ghost_tail" layername="timeline_1" frame="0" z_index="4" m_a="1.000000" m_b="0.000000" m_c="0.000000" m_d="1.000000" m_tx="0.000000" m_ty="19.950001"/>
  </frame>
  <frame idx="25" w="279" h="959" x="-15.574409" y="-450.629395">
   <element name="ghost_eyes" layername="timeline_0" frame="0" z_index="3" m_a="1.042526" m_b="-0.039040" m_c="0.046621" m_d="1.244975" m_tx="13.766807" m_ty="-398.891846"/>
   <element name="ghost_tail" layername="timeline_1" frame="0" z_index="4" m_a="1.000000" m_b="0.000000" m_c="0.000000" m_d="1.000000" m_tx="0.000000" m_ty="19.950001"/>
  </frame>
  <frame idx="50" w="294" h="915" x="-16.574409" y="-402.057953">
   <element name="ghost_eyes" layername="timeline_0" frame="0" z_index="3" m_a="1.043545" m_b="-0.021870" m_c="0.025168" m_d="1.200908" m_tx="21.416666" m_ty="-350.936890"/>
   <element name="ghost_tail" layername="timeline_1" frame="0" z_index="4" m_a="1.000000" m_b="0.000000" m_c="0.000000" m_d="1.000000" m_tx="0.000000" m_ty="19.950001"/>
   <element name="ghost_FX" layername="timeline_2" frame="7" z_index="4" m_a="1.000000" m_b="0.000000" m_c="0.000000" m_d="1.000000" m_tx="5.450000" m_ty="-10.849000"/>
  </frame>
  <frame idx="75" w="304" h="915" x="-25.560976" y="-402.057953">
   <element name="ghost_eyes" layername="timeline_0" frame="3" z_index="3" m_a="1.153399" m_b="-0.001053" m_c="0.001082" m_d="1.185290" m_tx="28.500000" m_ty="-305.449005"/>
   <element name="ghost_tail" layername="timeline_1" frame="0" z_index="4" m_a="1.000000" m_b="0.000000" m_c="0.000000" m_d="1.000000" m_tx="0.000000" m_ty="19.950001"/>
   <element name="ghost_FX" layername="timeline_2" frame="7" z_index="4" m_a="1.000000" m_b="0.000000" m_c="0.000000" m_d="1.000000" m_tx="5.450000" m_ty="-10.849000"/>
   <element name="ghost_body" layername="timeline_3" frame="0" z_index="4" m_a="0.958617" m_b="0.041284" m_c="-0.040481" m_d="0.939967" m_tx="6.900000" m_ty="-324.199005"/>
  </frame>
 </anim>
</Anims>
